node_id,timestamp,temperature,ph,turbidity
grupo_01,98114,24.625,NA,NA
grupo_01,25637,24.5,NA,NA
grupo_01,57561,24.5,NA,NA
grupo_01,88425,24.5,NA,NA
grupo_01,19316,24.75,NA,NA
grupo_01,51240,24.1875,NA,NA
grupo_01,83084,23.3125,NA,NA
grupo_01,115281,22.8125,NA,NA
grupo_01,147325,22.5625,NA,NA
grupo_01,180119,22.4375,NA,NA
grupo_01,213053,22.25,NA,NA
grupo_01,246387,21.9375,NA,NA
grupo_01,319098,21.4375,NA,NA
grupo_01,351702,21.75,NA,NA
grupo_01,383466,22.5625,NA,NA
grupo_01,415120,23.0625,NA,NA
grupo_01,582953,24.8125,NA,NA
grupo_01,612521,24.9375,NA,NA
grupo_01,641519,24.9375,NA,NA
grupo_01,32610,24.9375,NA,NA
grupo_01,53424,24.9375,NA,NA
grupo_01,74258,24.9375,NA,NA
grupo_01,95072,24.875,NA,NA
grupo_01,115886,24.875,NA,NA
grupo_01,136701,24.9375,NA,NA
grupo_01,28238,24.9375,NA,NA
grupo_01,34639,25,NA,NA
grupo_01,56693,25,NA,NA
grupo_01,78547,25.0625,NA,NA
grupo_01,100381,25,NA,NA
grupo_01,122254,25.0625,NA,NA
grupo_01,144108,25,NA,NA
grupo_01,165842,25.125,NA,NA
grupo_01,187576,25.0625,NA,NA
grupo_01,209428,25.0625,NA,NA
grupo_01,28398,25.0625,NA,NA
grupo_01,50197,25.0625,NA,NA
grupo_01,72011,24.9375,NA,NA
grupo_01,93725,25,NA,NA
grupo_01,115439,24.9375,NA,NA
grupo_01,137293,24.875,NA,NA
grupo_01,159462,24.875,NA,NA
grupo_01,181316,24.875,NA,NA
grupo_01,203050,24.8125,NA,NA
grupo_01,224904,24.875,NA,NA
grupo_01,246538,24.875,NA,NA
grupo_01,268481,24.9375,NA,NA
grupo_01,290335,24.9375,NA,NA
grupo_01,312169,24.9375,NA,NA
grupo_01,333903,24.9375,NA,NA
grupo_01,355617,24.875,NA,NA
grupo_01,377251,24.875,NA,NA
grupo_01,399065,24.875,NA,NA
grupo_01,420899,24.8125,NA,NA
grupo_01,442612,24.75,NA,NA
grupo_01,464529,24.875,NA,NA
grupo_01,486363,24.875,NA,NA
grupo_01,508217,24.8125,NA,NA
grupo_01,530071,24.8125,NA,NA
grupo_01,551905,24.875,NA,NA
grupo_01,573484,24.8125,NA,NA
grupo_01,595318,24.875,NA,NA
grupo_01,617064,24.875,NA,NA
grupo_01,638838,24.875,NA,NA
grupo_01,660612,24.875,NA,NA
grupo_01,682467,24.8125,NA,NA
grupo_01,704321,24.8125,NA,NA
grupo_01,726174,24.75,NA,NA
grupo_01,748008,24.75,NA,NA
grupo_01,769762,24.75,NA,NA
grupo_01,791495,24.6875,NA,NA
grupo_01,813329,24.75,NA,NA
grupo_01,835016,24.8125,NA,NA
grupo_01,856769,24.75,NA,NA
grupo_01,878523,24.75,NA,NA
grupo_01,900377,24.75,NA,NA
grupo_01,922411,24.75,NA,NA
grupo_01,944225,24.6875,NA,NA
grupo_01,965871,24.6875,NA,NA
grupo_01,987605,24.6875,NA,NA
grupo_01,1009358,24.6875,NA,NA
grupo_01,1031357,24.6875,NA,NA
grupo_01,1053191,24.6875,NA,NA
grupo_01,1075025,24.6875,NA,NA
grupo_01,33651,24.625,NA,NA
grupo_01,52487,24.4375,NA,NA
grupo_01,74861,24.4375,NA,NA
grupo_01,96398,24.375,NA,NA
grupo_01,118009,24.4375,NA,NA
grupo_01,139712,24.375,NA,NA
grupo_01,161528,24.3125,NA,NA
grupo_01,183229,24.3125,NA,NA
grupo_01,204956,24.25,NA,NA
grupo_01,226580,24.25,NA,NA
grupo_01,248203,24.25,NA,NA
grupo_01,270091,24.25,NA,NA
grupo_01,291750,24.25,NA,NA
grupo_01,313478,24.1875,NA,NA
grupo_01,335391,24.1875,NA,NA
grupo_01,357037,24.1875,NA,NA
grupo_01,378563,24.1875,NA,NA
grupo_01,400229,24.1875,NA,NA
grupo_01,421751,24.125,NA,NA
grupo_01,443397,24.1875,NA,NA
grupo_01,465023,24.1875,NA,NA
grupo_01,486589,24.25,NA,NA
grupo_01,508235,24.1875,NA,NA
grupo_01,529781,24.1875,NA,NA
grupo_01,551509,24.1875,NA,NA
grupo_01,573105,24.1875,NA,NA
grupo_01,594909,24.1875,NA,NA
grupo_01,616455,24.1875,NA,NA
grupo_01,638509,24.1875,NA,NA
grupo_01,660527,24.0625,NA,NA
grupo_01,682452,24.0625,NA,NA
grupo_01,704142,24,NA,NA
grupo_01,725764,24.0625,NA,NA
grupo_01,747467,24.0625,NA,NA
grupo_01,768993,24.125,NA,NA
grupo_01,790706,24.1875,NA,NA
grupo_01,812407,24.125,NA,NA
grupo_01,834319,24.125,NA,NA
grupo_01,856122,24.0625,NA,NA
grupo_01,877748,24.0625,NA,NA
grupo_01,899374,24.125,NA,NA
grupo_01,921282,24.125,NA,NA
grupo_01,943102,24,NA,NA
grupo_01,964939,23.9375,NA,NA
grupo_01,986556,24,NA,NA
grupo_01,1008387,24.0625,NA,NA
grupo_01,1030084,24.125,NA,NA
grupo_01,1051960,24.125,NA,NA
grupo_01,1073687,24.125,NA,NA
grupo_01,1095508,24.125,NA,NA
grupo_01,1117094,24.125,NA,NA
grupo_01,1138681,24,NA,NA
grupo_01,1160660,24,NA,NA
grupo_01,1182359,24.0625,NA,NA
grupo_01,1204181,24.0625,NA,NA
grupo_01,1226004,24,NA,NA
grupo_01,1247861,24,NA,NA
grupo_01,1269574,24,NA,NA
grupo_01,1291292,24,NA,NA
grupo_01,1313127,24,NA,NA
grupo_01,1334935,24.0625,NA,NA
grupo_01,1356555,24.125,NA,NA
grupo_01,1378486,24.0625,NA,NA
grupo_01,1400187,23.9375,NA,NA
grupo_01,1421908,23.9375,NA,NA
grupo_01,1443748,23.875,NA,NA
grupo_01,1465334,23.875,NA,NA
grupo_01,1487125,23.9375,NA,NA
grupo_01,1508941,24,NA,NA
grupo_01,1530550,24.0625,NA,NA
grupo_01,1552172,24,NA,NA
grupo_01,1573997,24,NA,NA
grupo_01,1595790,24,NA,NA
grupo_01,1617699,24,NA,NA
grupo_01,1639418,24,NA,NA
grupo_01,1660990,24,NA,NA
grupo_01,1682536,24,NA,NA
grupo_01,1704162,24.125,NA,NA
grupo_01,1725830,24.1875,NA,NA
grupo_01,1747476,24.1875,NA,NA
grupo_01,1769022,24.25,NA,NA
grupo_01,1790568,24.3125,NA,NA
grupo_01,1812234,24.375,NA,NA
grupo_01,1833860,24.3125,NA,NA
grupo_01,1855816,24.3125,NA,NA
grupo_01,1877462,24.1875,NA,NA
grupo_01,1899164,24.1875,NA,NA
grupo_01,1920709,24.125,NA,NA
grupo_01,1942355,24.1875,NA,NA
grupo_01,1964601,24.125,NA,NA
grupo_01,1986258,24.125,NA,NA
grupo_01,2007884,24.125,NA,NA
grupo_01,2029430,24.0625,NA,NA
grupo_01,2051076,24.125,NA,NA
grupo_01,2073022,24.1875,NA,NA
grupo_01,2094608,24.1875,NA,NA
grupo_01,2116154,24.125,NA,NA
grupo_01,2138078,24.125,NA,NA
